strain_1	strain_2	n_mutations
EPI_ISL_19190619	EPI_ISL_19687396	0
EPI_ISL_19190624	EPI_ISL_19687373	0
EPI_ISL_19190624	EPI_ISL_19687379	0
EPI_ISL_19190626	EPI_ISL_19687369	0
EPI_ISL_19190626	EPI_ISL_19687395	0
EPI_ISL_19190627	EPI_ISL_19687384	0
EPI_ISL_19687369	EPI_ISL_19687395	0
EPI_ISL_19687373	EPI_ISL_19687379	0
EPI_ISL_19687383	EPI_ISL_19687385	0
EPI_ISL_19687387	EPI_ISL_19687392	0
EPI_ISL_19190619	EPI_ISL_19687396	0
EPI_ISL_19190624	EPI_ISL_19687373	0
EPI_ISL_19190624	EPI_ISL_19687379	0
EPI_ISL_19190626	EPI_ISL_19687369	0
EPI_ISL_19190626	EPI_ISL_19687395	0
EPI_ISL_19190627	EPI_ISL_19687384	0
EPI_ISL_19687369	EPI_ISL_19687395	0
EPI_ISL_19687373	EPI_ISL_19687379	0
EPI_ISL_19687383	EPI_ISL_19687385	0
EPI_ISL_19687387	EPI_ISL_19687392	0
